"names","imp"
"outcome",0.00756188002984118
"data",0.00465828303259154
"contrast",0.00268706585832055
"trainsVsFull",0.00156556643891682
"rescale",0.00112520095794946
"algorithm",0.00386914320950057
